<?xml version="1.0" encoding="utf-8"?>
<CycloneX10Config xmlns:xsi="http://www.w3.org/2001/XMLSchema-instance" xmlns:xsd="http://www.w3.org/2001/XMLSchema">
  <EditInformation>
    <EditName>UserName</EditName>
    <TimeStamp>20160828121700</TimeStamp>
    <Comment />
  </EditInformation>
  <LevelList>
    <LevelItem Lv0="0" Lv1="0" Lv2="0" Lv3="0">STOP</LevelItem>
    <LevelItem Lv0="1" Lv1="1" Lv2="3" Lv3="5">PreSet1</LevelItem>
    <LevelItem Lv0="1" Lv1="2" Lv2="3" Lv3="4">PreSet2</LevelItem>
    <LevelItem Lv0="1" Lv1="3" Lv2="5" Lv3="7">PreSet3</LevelItem>
  </LevelList>
  <YotogiCXConfig>
    <GroupName>ディープスロート</GroupName>
    <YotogiList>
      <YotogiItem>
        <Yotogi_Name>咥えさせる</Yotogi_Name>
        <ControlData>
            <Control Pattern="0" Level="0"/>
        </ControlData>
      </YotogiItem>
      <YotogiItem>
        <Yotogi_Name>丁寧に咥えさせる</Yotogi_Name>
        <ControlData>
            <Control Pattern="0" Level="0"/>
        </ControlData>
      </YotogiItem>
      <YotogiItem>
        <Yotogi_Name>止めさせる</Yotogi_Name>
        <ControlData>
            <Control Pattern="0" Level="0"/>
        </ControlData>
      </YotogiItem>
      <YotogiItem>
        <Yotogi_Name>口内出しおねだり</Yotogi_Name>
        <ControlData>
            <Control Pattern="0" Level="0"/>
        </ControlData>
      </YotogiItem>
      <YotogiItem>
        <Yotogi_Name>精液飲み</Yotogi_Name>
        <ControlData>
            <Control Pattern="0" Level="0"/>
        </ControlData>
      </YotogiItem>
      <YotogiItem>
        <Yotogi_Name>口内射精</Yotogi_Name>
        <ControlData>
            <Control Pattern="0" Level="0"/>
        </ControlData>
      </YotogiItem>
      <YotogiItem>
        <Yotogi_Name>顔射</Yotogi_Name>
        <ControlData>
            <Control Pattern="0" Level="0"/>
        </ControlData>
      </YotogiItem>
    </YotogiList>
  </YotogiCXConfig>
</CycloneX10Config>